{
  "timestamp_utc": "2026-06-04T11:15:07.482073+00:00",
  "model_name": "logistic_regression",
  "model_registry_version": null,
  "mlflow_run_id": null,
  "metrics": {
    "classification": {
      "accuracy": 0.7551020408163265,
      "auc": 0.8029976742182788,
      "f1": 0.5,
      "precision": 0.3711340206185567,
      "recall": 0.7659574468085106,
      "classification_report": {
        "0": {
          "precision": 0.9441624365482234,
          "recall": 0.7530364372469636,
          "f1-score": 0.8378378378378378,
          "support": 247.0
        },
        "1": {
          "precision": 0.3711340206185567,
          "recall": 0.7659574468085106,
          "f1-score": 0.5,
          "support": 47.0
        },
        "accuracy": 0.7551020408163265,
        "macro avg": {
          "precision": 0.65764822858339,
          "recall": 0.7594969420277371,
          "f1-score": 0.6689189189189189,
          "support": 294.0
        },
        "weighted avg": {
          "precision": 0.8525558530492632,
          "recall": 0.7551020408163265,
          "f1-score": 0.7838297481154624,
          "support": 294.0
        }
      }
    },
    "shap": {
      "shap_summary_plot": "reports\\shap_reports\\logistic_regression_evaluation_shap_summary.png"
    },
    "confusion_matrix": {
      "confusion_matrix_plot": "reports\\performance_logs\\confusion_matrix.png",
      "confusion_matrix": [
        [
          186,
          61
        ],
        [
          11,
          36
        ]
      ]
    },
    "business": {
      "true_negatives": 186,
      "false_positives": 61,
      "false_negatives": 11,
      "true_positives": 36,
      "false_negative_cost_usd": 15000,
      "false_positive_cost_usd": 1500,
      "missed_attrition_cost_usd": 165000,
      "unnecessary_intervention_cost_usd": 91500,
      "estimated_total_error_cost_usd": 256500,
      "cost_context": "False negatives represent likely attrition cases HR missed; false positives represent unnecessary retention outreach."
    }
  }
}