{
  "champion": {
    "model_name": "xgboost",
    "metrics": {
      "accuracy": 0.6666666666666666,
      "auc": 0.7528641571194763,
      "pr_auc": 0.45362312094610435,
      "average_precision": 0.45362312094610435,
      "f1": 0.41666666666666663,
      "precision": 0.2892561983471074,
      "recall": 0.7446808510638298,
      "brier_score": 0.11524485722224584,
      "business_cost": 309000,
      "thresholds": {
        "best_f1_threshold": 0.15,
        "best_recall_threshold": 0.05,
        "best_business_cost_threshold": 0.1,
        "selected_threshold": 0.1,
        "selected_business_cost": 309000,
        "selected_precision": 0.2892561983471074,
        "selected_recall": 0.7446808510638298,
        "selected_f1": 0.41666666666666663,
        "selected_confusion_matrix": {
          "true_negatives": 161,
          "false_positives": 86,
          "false_negatives": 12,
          "true_positives": 35
        }
      },
      "threshold_table": [
        {
          "model_name": "xgboost",
          "threshold": 0.05,
          "accuracy": 0.4013605442176871,
          "precision": 0.19718309859154928,
          "recall": 0.8936170212765957,
          "f1": 0.3230769230769231,
          "true_negatives": 76,
          "false_positives": 171,
          "false_negatives": 5,
          "true_positives": 42,
          "false_positive_cost": 1500,
          "false_negative_cost": 15000,
          "business_cost": 331500
        },
        {
          "model_name": "xgboost",
          "threshold": 0.1,
          "accuracy": 0.6666666666666666,
          "precision": 0.2892561983471074,
          "recall": 0.7446808510638298,
          "f1": 0.41666666666666663,
          "true_negatives": 161,
          "false_positives": 86,
          "false_negatives": 12,
          "true_positives": 35,
          "false_positive_cost": 1500,
          "false_negative_cost": 15000,
          "business_cost": 309000
        },
        {
          "model_name": "xgboost",
          "threshold": 0.15,
          "accuracy": 0.7585034013605442,
          "precision": 0.35,
          "recall": 0.5957446808510638,
          "f1": 0.4409448818897637,
          "true_negatives": 195,
          "false_positives": 52,
          "false_negatives": 19,
          "true_positives": 28,
          "false_positive_cost": 1500,
          "false_negative_cost": 15000,
          "business_cost": 363000
        },
        {
          "model_name": "xgboost",
          "threshold": 0.2,
          "accuracy": 0.7789115646258503,
          "precision": 0.36363636363636365,
          "recall": 0.5106382978723404,
          "f1": 0.4247787610619469,
          "true_negatives": 205,
          "false_positives": 42,
          "false_negatives": 23,
          "true_positives": 24,
          "false_positive_cost": 1500,
          "false_negative_cost": 15000,
          "business_cost": 408000
        },
        {
          "model_name": "xgboost",
          "threshold": 0.25,
          "accuracy": 0.782312925170068,
          "precision": 0.34545454545454546,
          "recall": 0.40425531914893614,
          "f1": 0.37254901960784315,
          "true_negatives": 211,
          "false_positives": 36,
          "false_negatives": 28,
          "true_positives": 19,
          "false_positive_cost": 1500,
          "false_negative_cost": 15000,
          "business_cost": 474000
        },
        {
          "model_name": "xgboost",
          "threshold": 0.3,
          "accuracy": 0.826530612244898,
          "precision": 0.4523809523809524,
          "recall": 0.40425531914893614,
          "f1": 0.4269662921348315,
          "true_negatives": 224,
          "false_positives": 23,
          "false_negatives": 28,
          "true_positives": 19,
          "false_positive_cost": 1500,
          "false_negative_cost": 15000,
          "business_cost": 454500
        },
        {
          "model_name": "xgboost",
          "threshold": 0.35,
          "accuracy": 0.8367346938775511,
          "precision": 0.4827586206896552,
          "recall": 0.2978723404255319,
          "f1": 0.3684210526315789,
          "true_negatives": 232,
          "false_positives": 15,
          "false_negatives": 33,
          "true_positives": 14,
          "false_positive_cost": 1500,
          "false_negative_cost": 15000,
          "business_cost": 517500
        },
        {
          "model_name": "xgboost",
          "threshold": 0.4,
          "accuracy": 0.8401360544217688,
          "precision": 0.5,
          "recall": 0.2553191489361702,
          "f1": 0.3380281690140845,
          "true_negatives": 235,
          "false_positives": 12,
          "false_negatives": 35,
          "true_positives": 12,
          "false_positive_cost": 1500,
          "false_negative_cost": 15000,
          "business_cost": 543000
        },
        {
          "model_name": "xgboost",
          "threshold": 0.45,
          "accuracy": 0.8503401360544217,
          "precision": 0.5714285714285714,
          "recall": 0.2553191489361702,
          "f1": 0.35294117647058826,
          "true_negatives": 238,
          "false_positives": 9,
          "false_negatives": 35,
          "true_positives": 12,
          "false_positive_cost": 1500,
          "false_negative_cost": 15000,
          "business_cost": 538500
        },
        {
          "model_name": "xgboost",
          "threshold": 0.5,
          "accuracy": 0.8537414965986394,
          "precision": 0.6666666666666666,
          "recall": 0.1702127659574468,
          "f1": 0.2711864406779661,
          "true_negatives": 243,
          "false_positives": 4,
          "false_negatives": 39,
          "true_positives": 8,
          "false_positive_cost": 1500,
          "false_negative_cost": 15000,
          "business_cost": 591000
        },
        {
          "model_name": "xgboost",
          "threshold": 0.55,
          "accuracy": 0.8537414965986394,
          "precision": 0.7,
          "recall": 0.14893617021276595,
          "f1": 0.24561403508771928,
          "true_negatives": 244,
          "false_positives": 3,
          "false_negatives": 40,
          "true_positives": 7,
          "false_positive_cost": 1500,
          "false_negative_cost": 15000,
          "business_cost": 604500
        },
        {
          "model_name": "xgboost",
          "threshold": 0.6,
          "accuracy": 0.8605442176870748,
          "precision": 0.875,
          "recall": 0.14893617021276595,
          "f1": 0.25454545454545446,
          "true_negatives": 246,
          "false_positives": 1,
          "false_negatives": 40,
          "true_positives": 7,
          "false_positive_cost": 1500,
          "false_negative_cost": 15000,
          "business_cost": 601500
        },
        {
          "model_name": "xgboost",
          "threshold": 0.65,
          "accuracy": 0.8537414965986394,
          "precision": 0.8333333333333334,
          "recall": 0.10638297872340426,
          "f1": 0.18867924528301885,
          "true_negatives": 246,
          "false_positives": 1,
          "false_negatives": 42,
          "true_positives": 5,
          "false_positive_cost": 1500,
          "false_negative_cost": 15000,
          "business_cost": 631500
        },
        {
          "model_name": "xgboost",
          "threshold": 0.7,
          "accuracy": 0.8537414965986394,
          "precision": 0.8333333333333334,
          "recall": 0.10638297872340426,
          "f1": 0.18867924528301885,
          "true_negatives": 246,
          "false_positives": 1,
          "false_negatives": 42,
          "true_positives": 5,
          "false_positive_cost": 1500,
          "false_negative_cost": 15000,
          "business_cost": 631500
        },
        {
          "model_name": "xgboost",
          "threshold": 0.75,
          "accuracy": 0.8401360544217688,
          "precision": 0.0,
          "recall": 0.0,
          "f1": 0.0,
          "true_negatives": 247,